Id,СерияНомерПаспорта,Имя,Фамилия,Отчество,ДатаРождения,НомерТелефона,Admin,Стаж
1,1,Clotilda,Edmée,Burt,1952-11-06,9256343585,true,365 days
2,2,Gertrudis,Maëlyss,Ebeneser,1963-04-03,6182212180,false,365 days
3,3,Shellie,Lóng,Blake,1956-08-01,1886078591,false,365 days
4,4,Karisa,Annotée,Stan,1955-12-21,1842005037,false,365 days
5,5,Dolly,Dafnée,Boycie,1962-01-25,2377418373,false,365 days
6,6,Alyson,Clémence,Vaughan,1957-05-20,2488965456,false,365 days
7,7,Jacquenette,Tú,Wat,1961-11-05,3101493846,false,365 days
8,8,Ashia,Méryl,Filippo,1971-03-14,2997699113,false,365 days
9,9,Aileen,Andréa,Jeremie,1968-09-01,6569749636,false,365 days
10,10,Carolin,Marie-hélène,Guillermo,1968-04-30,5056546702,false,365 days
11,11,Sarena,Marylène,Isidro,1961-12-22,5555670983,false,365 days
12,12,Katinka,Marie-thérèse,Chaddie,1973-08-07,2532308422,false,365 days
13,13,Anderea,Réjane,Vassily,1968-05-26,3487021348,false,365 days
14,14,Marget,Görel,Monte,1967-05-04,1763039084,false,365 days
15,15,Edwina,Bécassine,Baryram,1945-08-20,2308491022,false,365 days
16,16,Sallyann,Adélaïde,Lucho,1959-04-07,5181460086,false,365 days
17,17,Cordie,Publicité,Daren,1966-05-13,9362930794,false,365 days
18,18,Valery,Méng,Noel,1961-09-03,4789878235,false,365 days
19,19,Katy,Andrée,Vincenz,1959-05-13,4718239019,false,365 days
20,20,Betta,Aimée,Caleb,1971-12-27,4512187623,false,365 days
21,21,Terra,Ráo,Salvidor,1959-05-29,6268763946,false,365 days
22,22,Rosalie,Göran,Gregor,1972-09-02,1166484994,false,365 days
23,23,Calli,Magdalène,Lazarus,1955-08-06,3397083780,false,365 days
24,24,Theadora,Amélie,Rosco,1960-09-13,2272941423,false,365 days
25,25,Corrianne,Athéna,Xavier,1974-09-14,5715092039,false,365 days
26,26,Elianore,Vénus,Augustine,1952-06-26,1888484080,false,365 days
27,27,Mickie,Adélie,Lance,1972-12-12,8419969423,false,365 days
28,28,Lucita,Léonie,Vincent,1971-04-27,1096513730,false,365 days
29,29,Dina,Tú,Rudd,1968-08-30,9879402806,false,365 days
30,30,Krystalle,Aí,Noble,1959-05-13,4197462906,false,365 days
31,31,Robbi,Pénélope,Peterus,1950-09-23,2697540296,false,365 days
32,32,Noel,Thérèse,Cornelius,1964-04-24,3991564385,false,365 days
33,33,Timmie,Thérèse,Skipper,1969-05-05,5057515853,false,365 days
34,34,Verine,Nuó,Luigi,1959-07-20,1601748786,false,365 days
35,35,Lindsay,Séréna,Ambrose,1965-10-23,7753193805,false,365 days
36,36,Britt,Valérie,Morgen,1959-03-18,1625240680,false,365 days
37,37,Kiah,Aí,Gar,1956-12-23,2022998055,false,365 days
38,38,Zita,Aimée,Abel,1963-08-25,2574978610,false,365 days
39,39,Ebony,Eléa,Roddie,1956-03-03,8049457750,false,365 days
40,40,Laurice,Yóu,Ramon,1946-07-12,9489529735,false,365 days
41,41,Charin,Åsa,Nataniel,1946-01-29,3992990439,false,365 days
42,42,Carolin,Ophélie,Jackie,1964-02-05,6863349198,false,365 days
43,43,Shellie,Fèi,Rolando,1971-10-27,9079572538,false,365 days
44,44,Sharlene,Méthode,Nichols,1972-01-26,1163018973,false,365 days
45,45,Edi,Yóu,Urban,1948-11-28,2744993454,false,365 days
46,46,Gwyneth,Kévina,Ailbert,1961-03-12,2834649534,false,365 days
47,47,Ronni,Cécilia,Bogey,1953-11-18,2208013173,false,365 days
48,48,Candice,Chloé,Hewett,1973-06-05,5304341192,false,365 days
49,49,Rafaelia,Yè,Howie,1969-04-22,2626781981,false,365 days
50,50,Leigha,Tú,Zacharias,1965-06-11,6326286378,false,365 days
51,51,Tessa,Méng,Bevan,1960-08-23,4011553150,false,365 days
52,52,Celinka,Agnès,Town,1958-04-17,2705433355,false,365 days
53,53,Tiertza,Zoé,Demetrius,1973-07-03,6986383139,false,365 days
54,54,Terra,Adélaïde,Olvan,1973-09-12,4895043776,false,365 days
55,55,Willy,Almérinda,Lamar,1964-08-21,1814353097,false,365 days
56,56,Dion,Clélia,Tully,1966-06-03,1734444698,false,365 days
57,57,Kelcy,Mélia,Maxy,1945-12-10,9604931003,false,365 days
58,58,Laina,Thérèsa,Garrick,1963-08-26,2951280246,false,365 days
59,59,Lauri,Gaétane,Lanie,1970-02-14,8469346249,false,365 days
60,60,Giustina,Lorène,Urson,1972-04-09,2775899187,false,365 days
61,61,Taffy,Amélie,Benson,1971-08-15,5928061920,false,365 days
62,62,Stephine,Dorothée,Geoff,1969-12-01,9113385300,false,365 days
63,63,Damita,Séverine,Shurlocke,1962-06-24,5917471858,false,365 days
64,64,Blanche,Miléna,Jorgan,1970-01-05,6811521916,false,365 days
65,65,Dori,Alizée,Batholomew,1948-06-12,8159217282,false,365 days
66,66,Eba,Eléonore,Marcel,1961-09-16,1534116033,false,365 days
67,67,Chloris,Styrbjörn,Theodore,1964-11-09,4518814915,false,365 days
68,68,Doralynn,Göran,Brion,1969-08-24,2775395145,false,365 days
69,69,Cati,Naëlle,Tynan,1961-04-28,3552888303,false,365 days
70,70,Flory,Laurène,Mile,1952-07-14,8597712973,false,365 days
71,71,Tarra,Simplifiés,Gregorio,1966-09-01,7085691227,false,365 days
72,72,Jacqueline,Gérald,Terrance,1947-02-14,8815075682,false,365 days
73,73,Rois,Ruì,Chandler,1950-05-11,9239337979,false,365 days
74,74,Audie,Valérie,Alfons,1949-05-06,5061106902,false,365 days
75,75,Beatrix,Lén,Welsh,1956-03-19,9638591511,false,365 days
76,76,Lindie,Gérald,Erin,1960-06-25,6059268717,false,365 days
77,77,Penni,Vérane,Clemmie,1946-04-09,2776662171,false,365 days
78,78,Ulrica,Yóu,Bron,1954-04-09,9841167993,false,365 days
79,79,Nicolle,Irène,Gaelan,1959-09-09,5274701121,false,365 days
80,80,Jessalyn,Géraldine,Ford,1955-01-06,6596049873,false,365 days
81,81,Donielle,Annotés,Christoper,1972-01-01,3686524452,false,365 days
82,82,Ashlee,Erwéi,Garry,1971-12-13,3307347216,false,365 days
83,83,Regan,Léonie,Gino,1953-11-19,2941020488,false,365 days
84,84,Francyne,Laurélie,Clemmie,1967-05-31,7826920572,false,365 days
85,85,Annaliese,Mélia,Georges,1969-08-30,3913913466,false,365 days
86,86,Janeczka,Clélia,Marlin,1968-09-06,8887855236,false,365 days
87,87,Jorey,Marie-josée,Gerard,1951-05-16,5205164141,false,365 days
88,88,Marleen,Andrée,Budd,1965-10-05,5061862204,false,365 days
89,89,Prudi,Marie-josée,Skipton,1960-06-25,4723335294,false,365 days
90,90,Margarette,Styrbjörn,Domenico,1968-03-19,3034219320,false,365 days
91,91,Orelie,Mårten,Amble,1974-08-13,8245897052,false,365 days
92,92,Elfie,Léonore,Konstantine,1949-08-27,1165765097,false,365 days
93,93,Shannah,Åsa,Hewitt,1974-12-11,9959063221,false,365 days
94,94,Evelyn,Rachèle,Hewie,1958-01-04,9458434886,false,365 days
95,95,Dorthea,Clémence,Casper,1960-01-27,6246788260,false,365 days
96,96,Dorotea,Maïwenn,Berty,1959-04-05,6662107645,false,365 days
97,97,Valencia,Kuí,Collin,1946-07-01,3925840275,false,365 days
98,98,Trixie,Kallisté,Wilfrid,1962-07-09,9381625380,false,365 days
99,99,Devora,Méghane,Ralf,1947-07-04,2828800727,false,365 days
100,100,Hadria,Méthode,Barnard,1949-04-14,2119289546,false,365 days